Date,Open,High,Low,Close,Volume,AdjustedClose
2022-01-03,4120.0,4190.0,4090.0,4180.0,90842500,3284.902099609375
2022-01-04,4200.0,4210.0,4160.0,4160.0,93950000,3269.18505859375
2022-01-05,4180.0,4230.0,4130.0,4210.0,174376400,3308.478271484375
2022-01-06,4240.0,4240.0,4140.0,4160.0,137280000,3269.18505859375
2022-01-07,4170.0,4200.0,4150.0,4190.0,101275000,3292.7607421875
2022-01-10,4190.0,4210.0,4180.0,4180.0,70722600,3284.902099609375
2022-01-11,4180.0,4180.0,4130.0,4150.0,99404900,3261.32666015625
2022-01-12,4170.0,4180.0,4130.0,4160.0,65907000,3269.18505859375
2022-01-13,4180.0,4190.0,4170.0,4190.0,103522400,3292.7607421875
2022-01-14,4190.0,4210.0,4160.0,4180.0,110213800,3284.902099609375
2022-01-17,4200.0,4210.0,4180.0,4210.0,102957100,3308.478271484375
2022-01-18,4240.0,4240.0,4140.0,4190.0,120275000,3292.7607421875
2022-01-19,4210.0,4210.0,4130.0,4130.0,109954700,3245.609375
2022-01-20,4130.0,4160.0,4110.0,4130.0,86394600,3245.609375
2022-01-21,4130.0,4170.0,4110.0,4170.0,84972500,3277.04345703125
2022-01-24,4140.0,4160.0,4100.0,4120.0,76709900,3237.750244140625
2022-01-25,4100.0,4110.0,4000.0,4070.0,185007800,3198.45751953125
2022-01-26,4030.0,4100.0,4030.0,4090.0,97589500,3214.174560546875
2022-01-27,4070.0,4140.0,4060.0,4140.0,80682900,3253.4677734375
2022-01-28,4170.0,4170.0,4090.0,4140.0,84812100,3253.4677734375
2022-01-31,4170.0,4170.0,4070.0,4070.0,78498500,3198.45751953125
2022-02-02,4120.0,4120.0,4060.0,4070.0,81546300,3198.45751953125
2022-02-03,4180.0,4180.0,4130.0,4130.0,157898800,3245.609375
2022-02-04,4170.0,4210.0,4150.0,4210.0,236602900,3308.478271484375
2022-02-07,4240.0,4410.0,4220.0,4400.0,468016600,3457.792236328125
2022-02-08,4450.0,4550.0,4400.0,4440.0,310878100,3489.22607421875
2022-02-09,4400.0,4500.0,4380.0,4450.0,149000100,3497.084716796875
2022-02-10,4500.0,4500.0,4450.0,4470.0,112521600,3512.802001953125
2022-02-11,4420.0,4450.0,4380.0,4450.0,103418200,3497.084716796875
2022-02-14,4450.0,4450.0,4380.0,4410.0,105260000,3465.650634765625
2022-02-15,4440.0,4450.0,4390.0,4430.0,96658500,3481.367431640625
2022-02-16,4470.0,4470.0,4410.0,4420.0,89636300,3473.509033203125
2022-02-17,4390.0,4410.0,4340.0,4400.0,118305100,3457.792236328125
2022-02-18,4400.0,4440.0,4370.0,4430.0,127058000,3481.367431640625
2022-02-21,4460.0,4490.0,4440.0,4490.0,133717300,3528.519287109375
2022-02-22,4440.0,4470.0,4420.0,4430.0,109060900,3481.367431640625
2022-02-23,4520.0,4520.0,4460.0,4480.0,160827800,3520.660888671875
2022-02-24,4470.0,4470.0,4370.0,4390.0,217523600,3449.93359375
2022-02-25,4450.0,4550.0,4410.0,4550.0,301346400,3575.671142578125
2022-03-01,4850.0,4860.0,4630.0,4630.0,494657800,3638.5400390625
2022-03-02,4680.0,4690.0,4550.0,4560.0,186635200,3583.5302734375
2022-03-04,4720.0,4730.0,4610.0,4670.0,292022600,3669.974609375
2022-03-07,4580.0,4630.0,4520.0,4520.0,224515800,3552.09521484375
2022-03-08,4500.0,4560.0,4430.0,4430.0,214870200,3481.367431640625
2022-03-09,4530.0,4590.0,4500.0,4570.0,191967100,3591.38818359375
2022-03-10,4640.0,4640.0,4510.0,4570.0,225575800,3591.38818359375
2022-03-11,4400.0,4440.0,4370.0,4400.0,275965300,3594.8623046875
2022-03-14,4440.0,4540.0,4410.0,4520.0,212052100,3692.903564453125
2022-03-15,4550.0,4640.0,4530.0,4610.0,357755700,3766.43505859375
2022-03-16,4650.0,4660.0,4610.0,4650.0,226817000,3799.115478515625
2022-03-17,4690.0,4700.0,4610.0,4650.0,224068000,3799.115478515625
2022-03-18,4700.0,4700.0,4580.0,4580.0,257863400,3741.925048828125
2022-03-21,4600.0,4630.0,4560.0,4590.0,118791900,3750.09423828125
2022-03-22,4690.0,4710.0,4640.0,4640.0,177758500,3790.945068359375
2022-03-23,4680.0,4690.0,4620.0,4650.0,146545100,3799.115478515625
2022-03-24,4640.0,4730.0,4620.0,4730.0,206271600,3864.476806640625
2022-03-25,4760.0,4760.0,4650.0,4710.0,137104800,3848.1357421875
2022-03-28,4730.0,4740.0,4670.0,4730.0,106801800,3864.476806640625
2022-03-29,4750.0,4750.0,4670.0,4690.0,93155100,3831.796142578125
2022-03-30,4740.0,4740.0,4690.0,4710.0,83364400,3848.1357421875
2022-03-31,4700.0,4750.0,4660.0,4660.0,158650000,3807.28515625
2022-04-01,4690.0,4730.0,4630.0,4730.0,145105000,3864.476806640625
2022-04-04,4730.0,4730.0,4660.0,4700.0,103902000,3839.96630859375
2022-04-05,4730.0,4740.0,4670.0,4700.0,76154300,3839.96630859375
2022-04-06,4690.0,4690.0,4600.0,4600.0,111009800,3758.2646484375
2022-04-07,4670.0,4670.0,4620.0,4630.0,91942500,3782.775634765625
2022-04-08,4630.0,4650.0,4600.0,4610.0,125657900,3766.43505859375
2022-04-11,4600.0,4620.0,4570.0,4570.0,109861100,3733.754150390625
2022-04-12,4550.0,4610.0,4550.0,4610.0,96961200,3766.43505859375
2022-04-13,4640.0,4640.0,4590.0,4610.0,112327600,3766.43505859375
2022-04-14,4600.0,4610.0,4530.0,4540.0,150659600,3709.244140625
2022-04-18,4550.0,4580.0,4540.0,4550.0,82795100,3717.4140625
2022-04-19,4550.0,4600.0,4540.0,4570.0,148475600,3733.754150390625
2022-04-20,4610.0,4870.0,4600.0,4850.0,404383100,3962.5185546875
2022-04-21,4850.0,4850.0,4760.0,4800.0,208253300,3921.66748046875
2022-04-22,4750.0,4850.0,4720.0,4750.0,174349500,3880.8173828125
2022-04-25,4700.0,4850.0,4670.0,4840.0,235752400,3954.348388671875
2022-04-26,4840.0,4980.0,4830.0,4940.0,262734300,4036.049560546875
2022-04-27,4900.0,4930.0,4850.0,4850.0,191955100,3962.5185546875
2022-04-28,4870.0,4930.0,4860.0,4870.0,193821200,3978.8583984375
2022-05-09,4750.0,4760.0,4530.0,4530.0,561600400,3701.073974609375
2022-05-10,4260.0,4530.0,4260.0,4530.0,435782800,3701.073974609375
2022-05-11,4550.0,4580.0,4480.0,4490.0,205233800,3668.392822265625
2022-05-12,4490.0,4490.0,4300.0,4320.0,207373600,3529.500732421875
2022-05-13,4250.0,4360.0,4250.0,4250.0,336711300,3472.309814453125
2022-05-17,4270.0,4520.0,4270.0,4450.0,272650400,3635.712646484375
2022-05-18,4500.0,4530.0,4430.0,4450.0,129716500,3635.712646484375
2022-05-19,4350.0,4460.0,4300.0,4440.0,132614900,3627.542236328125
2022-05-20,4440.0,4490.0,4410.0,4430.0,122101000,3619.37255859375
2022-05-23,4410.0,4440.0,4320.0,4330.0,175709000,3537.6708984375
2022-05-24,4320.0,4500.0,4320.0,4460.0,165758600,3643.8828125
2022-05-25,4430.0,4450.0,4350.0,4350.0,138961700,3554.01123046875
2022-05-27,4500.0,4540.0,4440.0,4540.0,209962100,3709.244140625
2022-05-30,4540.0,4540.0,4390.0,4430.0,193724500,3619.37255859375
2022-05-31,4470.0,4630.0,4450.0,4630.0,379626500,3782.775634765625
2022-06-02,4540.0,4600.0,4480.0,4480.0,225697500,3660.223388671875
2022-06-03,4530.0,4570.0,4510.0,4520.0,117643300,3692.903564453125
2022-06-06,4470.0,4510.0,4400.0,4430.0,157277700,3619.37255859375
2022-06-07,4460.0,4460.0,4400.0,4400.0,133318000,3594.8623046875
2022-06-08,4400.0,4470.0,4380.0,4470.0,150604000,3652.052734375
2022-06-09,4500.0,4520.0,4480.0,4490.0,161768800,3668.392822265625
2022-06-10,4470.0,4470.0,4360.0,4400.0,222410400,3594.8623046875
2022-06-13,4260.0,4350.0,4260.0,4340.0,164017200,3545.841552734375
2022-06-14,4300.0,4410.0,4300.0,4360.0,150381800,3562.181640625
2022-06-15,4360.0,4450.0,4360.0,4450.0,160729900,3635.712646484375
2022-06-16,4420.0,4530.0,4410.0,4430.0,240023000,3619.37255859375
2022-06-17,4370.0,4400.0,4350.0,4370.0,185763100,3570.351806640625
2022-06-20,4400.0,4410.0,4340.0,4400.0,95058800,3594.8623046875
2022-06-21,4430.0,4430.0,4380.0,4380.0,103964600,3578.521728515625
2022-06-22,4410.0,4410.0,4310.0,4320.0,106208500,3529.500732421875
2022-06-23,4300.0,4360.0,4300.0,4310.0,127600700,3521.330810546875
2022-06-24,4320.0,4350.0,4310.0,4340.0,66083900,3545.841552734375
2022-06-27,4310.0,4330.0,4270.0,4280.0,152306100,3496.820068359375
2022-06-28,4320.0,4330.0,4280.0,4300.0,178535800,3513.16064453125
2022-06-29,4280.0,4310.0,4180.0,4180.0,228536100,3415.118896484375
2022-06-30,4120.0,4220.0,4120.0,4150.0,239939100,3390.608642578125
2022-07-01,4150.0,4200.0,4110.0,4140.0,154659500,3382.4384765625
2022-07-04,4090.0,4120.0,3960.0,4040.0,246853600,3300.73681640625
2022-07-05,4040.0,4160.0,4040.0,4090.0,180648400,3341.587646484375
2022-07-06,4050.0,4100.0,4020.0,4080.0,125309100,3333.417724609375
2022-07-07,4040.0,4110.0,4040.0,4050.0,172127500,3308.9072265625
2022-07-08,4090.0,4200.0,4050.0,4200.0,112914000,3431.458984375
2022-07-11,4150.0,4170.0,4100.0,4120.0,80867700,3366.097900390625
2022-07-12,4120.0,4140.0,4100.0,4110.0,56085200,3357.927978515625
2022-07-13,4110.0,4130.0,4030.0,4060.0,165745200,3317.077392578125
2022-07-14,4010.0,4090.0,4010.0,4070.0,188729700,3325.2470703125
2022-07-15,4060.0,4120.0,4050.0,4110.0,91362800,3357.927978515625
2022-07-18,4110.0,4140.0,4080.0,4140.0,135284500,3382.4384765625
2022-07-19,4150.0,4150.0,4110.0,4110.0,122905900,3357.927978515625
2022-07-20,4180.0,4300.0,4160.0,4300.0,220223600,3513.16064453125
2022-07-21,4300.0,4310.0,4230.0,4310.0,130405400,3521.330810546875
2022-07-22,4330.0,4330.0,4270.0,4270.0,86561100,3488.650390625
2022-07-25,4250.0,4300.0,4250.0,4250.0,60952800,3472.309814453125
2022-07-26,4270.0,4350.0,4260.0,4330.0,97709800,3537.6708984375
2022-07-27,4380.0,4380.0,4300.0,4320.0,88570800,3529.500732421875
2022-07-28,4340.0,4400.0,4340.0,4360.0,136421400,3562.181640625
2022-07-29,4390.0,4430.0,4340.0,4360.0,228669400,3562.181640625
2022-08-01,4390.0,4410.0,4330.0,4360.0,200791700,3562.181640625
2022-08-02,4360.0,4400.0,4300.0,4400.0,173931000,3594.8623046875
2022-08-03,4410.0,4420.0,4350.0,4380.0,103412300,3578.521728515625
2022-08-04,4380.0,4390.0,4350.0,4360.0,120175700,3562.181640625
2022-08-05,4360.0,4400.0,4320.0,4360.0,168879400,3562.181640625
2022-08-08,4360.0,4400.0,4340.0,4370.0,107242600,3570.351806640625
2022-08-09,4400.0,4470.0,4390.0,4410.0,181747100,3603.0322265625
2022-08-10,4350.0,4370.0,4300.0,4310.0,205341100,3521.330810546875
2022-08-11,4380.0,4410.0,4340.0,4350.0,193329000,3554.01123046875
2022-08-12,4340.0,4350.0,4320.0,4320.0,103916700,3529.500732421875
2022-08-15,4330.0,4350.0,4300.0,4300.0,135099400,3513.16064453125
2022-08-16,4350.0,4350.0,4270.0,4280.0,205432400,3496.820068359375
2022-08-18,4330.0,4340.0,4310.0,4330.0,138795300,3537.6708984375
2022-08-19,4340.0,4340.0,4300.0,4300.0,84552100,3513.16064453125
2022-08-22,4320.0,4330.0,4270.0,4270.0,121124400,3488.650390625
2022-08-23,4260.0,4310.0,4260.0,4300.0,107799500,3513.16064453125
2022-08-24,4300.0,4330.0,4280.0,4290.0,75055900,3504.990478515625
2022-08-25,4280.0,4300.0,4270.0,4270.0,117653800,3488.650390625
2022-08-26,4280.0,4290.0,4270.0,4270.0,87375200,3488.650390625
2022-08-29,4250.0,4270.0,4220.0,4250.0,88409800,3472.309814453125
2022-08-30,4250.0,4300.0,4250.0,4260.0,157219500,3480.47998046875
2022-08-31,4250.0,4350.0,4240.0,4340.0,191475700,3545.841552734375
2022-09-01,4320.0,4390.0,4310.0,4390.0,139929300,3586.692138671875
2022-09-02,4410.0,4450.0,4380.0,4450.0,220616600,3635.712646484375
2022-09-05,4430.0,4600.0,4420.0,4590.0,261126600,3750.09423828125
2022-09-06,4670.0,4690.0,4550.0,4560.0,188042700,3725.584716796875
2022-09-07,4510.0,4550.0,4460.0,4460.0,231936700,3643.8828125
2022-09-08,4480.0,4620.0,4480.0,4600.0,250373200,3758.2646484375
2022-09-09,4640.0,4640.0,4570.0,4610.0,119286700,3766.43505859375
2022-09-12,4610.0,4630.0,4560.0,4560.0,97988000,3725.584716796875
2022-09-13,4560.0,4640.0,4560.0,4580.0,141828800,3741.925048828125
2022-09-14,4520.0,4610.0,4510.0,4580.0,149960600,3741.925048828125
2022-09-15,4600.0,4700.0,4590.0,4610.0,295664100,3766.43505859375
2022-09-16,4610.0,4620.0,4500.0,4500.0,282492200,3676.563720703125
2022-09-19,4520.0,4600.0,4500.0,4570.0,134432000,3733.754150390625
2022-09-20,4570.0,4600.0,4490.0,4490.0,138695500,3668.392822265625
2022-09-21,4490.0,4550.0,4470.0,4550.0,159976900,3717.4140625
2022-09-22,4500.0,4580.0,4500.0,4560.0,100425300,3725.584716796875
2022-09-23,4540.0,4560.0,4480.0,4480.0,139074000,3660.223388671875
2022-09-26,4480.0,4540.0,4410.0,4540.0,280747500,3709.244140625
2022-09-27,4500.0,4550.0,4480.0,4530.0,213704600,3701.073974609375
2022-09-28,4510.0,4560.0,4480.0,4520.0,161815300,3692.903564453125
2022-09-29,4520.0,4540.0,4460.0,4480.0,169368600,3660.223388671875
2022-09-30,4450.0,4510.0,4410.0,4490.0,224229200,3668.392822265625
2022-10-03,4500.0,4550.0,4480.0,4530.0,159559600,3701.073974609375
2022-10-04,4560.0,4650.0,4560.0,4640.0,256367100,3790.945068359375
2022-10-05,4660.0,4660.0,4540.0,4540.0,182246200,3709.244140625
2022-10-06,4540.0,4570.0,4510.0,4510.0,123346200,3684.733642578125
2022-10-07,4480.0,4490.0,4430.0,4440.0,133678600,3627.542236328125
2022-10-10,4420.0,4430.0,4340.0,4370.0,193923600,3570.351806640625
2022-10-11,4390.0,4430.0,4370.0,4430.0,133742200,3619.37255859375
2022-10-12,4470.0,4470.0,4400.0,4400.0,128741800,3594.8623046875
2022-10-13,4390.0,4420.0,4350.0,4350.0,104269900,3554.01123046875
2022-10-14,4380.0,4390.0,4270.0,4270.0,180841100,3488.650390625
2022-10-17,4270.0,4320.0,4260.0,4300.0,145506000,3513.16064453125
2022-10-18,4280.0,4340.0,4280.0,4290.0,161444100,3504.990478515625
2022-10-19,4280.0,4340.0,4280.0,4300.0,81682300,3513.16064453125
2022-10-20,4280.0,4400.0,4280.0,4390.0,149521700,3586.692138671875
2022-10-21,4360.0,4460.0,4360.0,4430.0,165052200,3619.37255859375
2022-10-24,4430.0,4540.0,4430.0,4500.0,186997700,3676.563720703125
2022-10-25,4560.0,4610.0,4550.0,4590.0,233948800,3750.09423828125
2022-10-26,4600.0,4610.0,4500.0,4530.0,178298500,3701.073974609375
2022-10-27,4550.0,4600.0,4530.0,4600.0,131385300,3758.2646484375
2022-10-28,4600.0,4630.0,4560.0,4630.0,227256400,3782.775634765625
2022-10-31,4630.0,4680.0,4630.0,4650.0,275184000,3799.115478515625
2022-11-01,4690.0,4700.0,4630.0,4660.0,230590200,3807.28515625
2022-11-02,4680.0,4680.0,4570.0,4610.0,163816900,3766.43505859375
2022-11-03,4630.0,4660.0,4590.0,4650.0,174423000,3799.115478515625
2022-11-04,4650.0,4660.0,4610.0,4650.0,85292300,3799.115478515625
2022-11-07,4650.0,4690.0,4610.0,4690.0,112070500,3831.796142578125
2022-11-08,4690.0,4690.0,4610.0,4620.0,80916300,3774.6044921875
2022-11-09,4600.0,4650.0,4600.0,4650.0,126493900,3799.115478515625
2022-11-10,4560.0,4580.0,4520.0,4530.0,196277400,3701.073974609375
2022-11-11,4620.0,4650.0,4590.0,4650.0,153238500,3799.115478515625
2022-11-14,4620.0,4640.0,4550.0,4580.0,140187600,3741.925048828125
2022-11-15,4580.0,4610.0,4560.0,4580.0,87986300,3741.925048828125
2022-11-16,4590.0,4610.0,4490.0,4520.0,245789200,3692.903564453125
2022-11-17,4520.0,4670.0,4500.0,4670.0,214514600,3815.455810546875
2022-11-18,4670.0,4680.0,4610.0,4610.0,105313200,3766.43505859375
2022-11-21,4620.0,4630.0,4560.0,4590.0,82279300,3750.09423828125
2022-11-22,4570.0,4670.0,4570.0,4590.0,154866000,3750.09423828125
2022-11-23,4640.0,4670.0,4630.0,4670.0,147280600,3815.455810546875
2022-11-24,4700.0,4740.0,4670.0,4720.0,156735700,3856.306396484375
2022-11-25,4700.0,4750.0,4690.0,4750.0,177861100,3880.8173828125
2022-11-28,4730.0,4830.0,4730.0,4820.0,214611600,3938.008056640625
2022-11-29,4820.0,4860.0,4790.0,4850.0,184916300,3962.5185546875
2022-11-30,4810.0,4980.0,4800.0,4980.0,560639800,4068.73046875
2022-12-01,5000.0,5025.0,4900.0,4940.0,267382600,4036.049560546875
2022-12-02,4900.0,4930.0,4860.0,4890.0,199981400,3995.199462890625
2022-12-05,4910.0,4930.0,4860.0,4890.0,88463000,3995.199462890625
2022-12-06,4860.0,4890.0,4800.0,4860.0,151325300,3970.6884765625
2022-12-07,4840.0,4840.0,4740.0,4760.0,253330100,3888.98681640625
2022-12-08,4760.0,4840.0,4710.0,4840.0,154313900,3954.348388671875
2022-12-09,4830.0,4840.0,4760.0,4800.0,203573100,3921.66748046875
2022-12-12,4800.0,4850.0,4760.0,4850.0,139582400,3962.5185546875
2022-12-13,4870.0,4980.0,4840.0,4970.0,194233200,4060.56005859375
2022-12-14,5000.0,5000.0,4870.0,4980.0,201275800,4068.73046875
2022-12-15,4900.0,4940.0,4880.0,4910.0,170702300,4011.53955078125
2022-12-16,4820.0,4980.0,4820.0,4980.0,594601900,4068.73046875
2022-12-19,4970.0,4980.0,4920.0,4970.0,82959800,4060.56005859375
2022-12-20,4930.0,4970.0,4890.0,4910.0,78671600,4011.53955078125
2022-12-21,4910.0,4940.0,4870.0,4890.0,71277800,3995.199462890625
2022-12-22,4910.0,4970.0,4900.0,4960.0,87321400,4052.3896484375
2022-12-23,4920.0,4940.0,4880.0,4880.0,53350600,3987.028564453125
2022-12-26,4900.0,4930.0,4890.0,4930.0,43581100,4027.87939453125
2022-12-27,4930.0,4950.0,4860.0,4870.0,74123800,3978.8583984375
2022-12-28,4870.0,4880.0,4810.0,4820.0,117912500,3938.008056640625
2022-12-29,4820.0,4870.0,4800.0,4870.0,106690700,3978.8583984375
2022-12-30,4870.0,4950.0,4870.0,4940.0,182091500,4036.049560546875
2023-01-02,4910.0,4920.0,4820.0,4870.0,100200100,3978.8583984375
2023-01-03,4830.0,4900.0,4830.0,4850.0,95136500,3962.5185546875
2023-01-04,4850.0,4850.0,4770.0,4770.0,188071000,3897.1572265625
2023-01-05,4750.0,4760.0,4570.0,4640.0,292142000,3790.945068359375
2023-01-06,4550.0,4640.0,4550.0,4620.0,175932000,3774.6044921875
2023-01-09,4580.0,4640.0,4550.0,4590.0,166164900,3750.09423828125
2023-01-10,4550.0,4570.0,4410.0,4430.0,282510000,3664.88427734375
2023-01-11,4410.0,4430.0,4360.0,4380.0,211610100,3623.52001953125
2023-01-12,4480.0,4520.0,4410.0,4500.0,210887800,3722.79443359375
2023-01-13,4510.0,4530.0,4420.0,4480.0,134592100,3706.248779296875
2023-01-16,4430.0,4530.0,4420.0,4520.0,172170900,3739.340087890625
2023-01-17,4520.0,4580.0,4510.0,4560.0,150577400,3772.43212890625
2023-01-18,4560.0,4620.0,4560.0,4600.0,178026000,3805.52294921875
2023-01-19,4590.0,4630.0,4580.0,4610.0,117204100,3813.795654296875
2023-01-20,4630.0,4670.0,4620.0,4650.0,116038300,3846.8876953125
2023-01-24,4660.0,4680.0,4590.0,4620.0,81964700,3822.068359375
2023-01-25,4620.0,4620.0,4550.0,4560.0,84009300,3772.43212890625
2023-01-26,4560.0,4620.0,4550.0,4590.0,113840400,3797.25
2023-01-27,4600.0,4680.0,4600.0,4640.0,178282600,3838.6142578125
2023-01-30,4650.0,4680.0,4570.0,4610.0,185972400,3813.795654296875
2023-01-31,4610.0,4620.0,4570.0,4580.0,280039200,3788.977783203125
2023-02-01,4630.0,4690.0,4620.0,4680.0,181849300,3871.7060546875
2023-02-02,4650.0,4680.0,4600.0,4600.0,145413400,3805.52294921875
2023-02-03,4650.0,4780.0,4630.0,4750.0,198479900,3929.61669921875
2023-02-06,4780.0,4810.0,4680.0,4740.0,141366300,3921.343017578125
2023-02-07,4740.0,4790.0,4720.0,4750.0,140923100,3929.61669921875
2023-02-08,4710.0,4790.0,4710.0,4790.0,168599500,3962.707763671875
2023-02-09,4790.0,4840.0,4770.0,4810.0,177400700,3979.253662109375
2023-02-10,4840.0,4880.0,4770.0,4860.0,181146600,4020.61767578125
2023-02-13,4900.0,4900.0,4800.0,4800.0,144569400,3970.980712890625
2023-02-14,4820.0,4870.0,4810.0,4870.0,120995200,4028.890869140625
2023-02-15,4890.0,4890.0,4810.0,4870.0,84568100,4028.890869140625
2023-02-16,4890.0,4890.0,4850.0,4870.0,69966200,4028.890869140625
2023-02-17,4890.0,4890.0,4830.0,4880.0,104019300,4037.163330078125
2023-02-20,4900.0,4900.0,4840.0,4880.0,88432500,4037.163330078125
2023-02-21,4880.0,4880.0,4820.0,4820.0,59319100,3987.526123046875
2023-02-22,4790.0,4810.0,4730.0,4760.0,107327900,3937.888916015625
2023-02-23,4810.0,4810.0,4730.0,4800.0,139144500,3970.980712890625
2023-02-24,4800.0,4840.0,4760.0,4760.0,46409300,3937.888916015625
2023-02-27,4780.0,4810.0,4760.0,4810.0,89918800,3979.253662109375
2023-02-28,4760.0,4790.0,4670.0,4670.0,273125500,3863.432861328125
2023-03-01,4730.0,4750.0,4700.0,4720.0,115578600,3904.79736328125
2023-03-02,4750.0,4780.0,4720.0,4780.0,59377900,3954.434326171875
2023-03-03,4800.0,4800.0,4730.0,4760.0,84777000,3937.888916015625
2023-03-06,4790.0,4800.0,4780.0,4790.0,78292000,3962.707763671875
2023-03-07,4770.0,4850.0,4770.0,4840.0,111953700,4004.07177734375
2023-03-08,4850.0,4850.0,4820.0,4840.0,125766100,4004.07177734375
2023-03-09,4860.0,4870.0,4810.0,4810.0,79549800,3979.253662109375
2023-03-10,4820.0,4830.0,4800.0,4820.0,125140500,3987.526123046875
2023-03-13,4810.0,4870.0,4770.0,4830.0,106769300,3995.799072265625
2023-03-14,4770.0,4790.0,4690.0,4710.0,192444400,3896.52490234375
2023-03-15,4760.0,4770.0,4700.0,4700.0,107761200,3888.251953125
2023-03-16,4700.0,4750.0,4640.0,4730.0,155984500,3913.07080078125
2023-03-17,4770.0,4900.0,4750.0,4900.0,267753300,4053.70947265625
2023-03-20,4840.0,4880.0,4820.0,4880.0,113829400,4037.163330078125
2023-03-21,4870.0,4920.0,4840.0,4900.0,214639300,4053.70947265625
2023-03-24,4750.0,4820.0,4720.0,4770.0,266103900,4141.595703125
2023-03-27,4750.0,4790.0,4720.0,4740.0,144925200,4115.5478515625
2023-03-28,4740.0,4780.0,4740.0,4770.0,105217100,4141.595703125
2023-03-29,4800.0,4820.0,4770.0,4810.0,141800500,4176.326171875
2023-03-30,4810.0,4810.0,4740.0,4750.0,98847200,4124.23046875
2023-03-31,4730.0,4750.0,4710.0,4730.0,161561800,4106.865234375
2023-04-03,4770.0,4800.0,4760.0,4800.0,133511700,4167.64306640625
2023-04-04,4800.0,4820.0,4760.0,4820.0,88097800,4185.0087890625
2023-04-05,4810.0,4880.0,4800.0,4830.0,119316500,4193.69140625
2023-04-06,4860.0,4860.0,4820.0,4840.0,88012300,4202.37353515625
2023-04-10,4860.0,4860.0,4820.0,4860.0,58886800,4219.7392578125
2023-04-11,4860.0,4890.0,4830.0,4880.0,67275600,4237.10400390625
2023-04-12,4950.0,4950.0,4890.0,4930.0,194839900,4280.51708984375
2023-04-13,4950.0,5000.0,4930.0,4980.0,141279800,4323.93017578125
2023-04-14,5050.0,5100.0,5000.0,5075.0,190097200,4406.4150390625
2023-04-17,5075.0,5075.0,4960.0,4990.0,121231300,4332.61279296875
2023-04-18,4990.0,5025.0,4950.0,4950.0,95747700,4297.8818359375
2023-04-26,5150.0,5150.0,4930.0,5025.0,273336000,4363.00146484375
2023-04-27,4990.0,5150.0,4990.0,5150.0,125947200,4471.5341796875
2023-04-28,5175.0,5275.0,5100.0,5100.0,251912000,4428.12158203125
2023-05-02,5175.0,5175.0,5050.0,5150.0,84246100,4471.5341796875
2023-05-03,5225.0,5225.0,5050.0,5100.0,183524700,4428.12158203125
2023-05-04,5150.0,5175.0,5075.0,5150.0,140482000,4471.5341796875
2023-05-05,5225.0,5250.0,5125.0,5225.0,182599600,4536.65380859375
2023-05-08,5250.0,5250.0,5050.0,5100.0,107804200,4428.12158203125
2023-05-09,5050.0,5125.0,5025.0,5125.0,102987300,4449.82763671875
2023-05-10,5075.0,5150.0,5050.0,5150.0,108369600,4471.5341796875
2023-05-11,5175.0,5175.0,5100.0,5150.0,85618800,4471.5341796875
2023-05-12,5100.0,5175.0,5100.0,5150.0,92625800,4471.5341796875
2023-05-15,5150.0,5175.0,5025.0,5150.0,163732600,4471.5341796875
2023-05-16,5175.0,5200.0,5100.0,5200.0,73611200,4514.947265625
2023-05-17,5250.0,5250.0,5175.0,5200.0,115834500,4514.947265625
2023-05-19,5225.0,5450.0,5200.0,5400.0,185672200,4688.59912109375
2023-05-22,5300.0,5500.0,5300.0,5425.0,162655900,4710.3056640625
2023-05-23,5475.0,5600.0,5475.0,5500.0,255251600,4775.4248046875
2023-05-24,5525.0,5600.0,5450.0,5600.0,187436100,4862.2509765625
2023-05-25,5500.0,5575.0,5450.0,5475.0,224391900,4753.71826171875
2023-05-26,5425.0,5600.0,5425.0,5600.0,154003100,4862.2509765625
2023-05-29,5600.0,5625.0,5475.0,5550.0,125049100,4818.83740234375
2023-05-30,5500.0,5600.0,5500.0,5500.0,67363200,4775.4248046875
2023-05-31,5575.0,5575.0,5375.0,5575.0,898453700,4840.5439453125
2023-06-05,5600.0,5600.0,5425.0,5425.0,255472600,4710.3056640625
2023-06-06,5400.0,5500.0,5350.0,5450.0,92019300,4732.01171875
2023-06-07,5475.0,5475.0,5350.0,5400.0,150377000,4688.59912109375
2023-06-08,5375.0,5475.0,5350.0,5475.0,92794100,4753.71826171875
2023-06-09,5425.0,5450.0,5375.0,5425.0,77251000,4710.3056640625
2023-06-12,5400.0,5400.0,5375.0,5400.0,92314200,4688.59912109375
2023-06-13,5400.0,5550.0,5400.0,5550.0,108831400,4818.83740234375
2023-06-14,5575.0,5575.0,5475.0,5550.0,79137600,4818.83740234375
2023-06-15,5475.0,5525.0,5450.0,5525.0,74388400,4797.13134765625
2023-06-16,5475.0,5550.0,5400.0,5550.0,189062600,4818.83740234375
2023-06-19,5500.0,5525.0,5450.0,5525.0,55144200,4797.13134765625
2023-06-20,5475.0,5550.0,5475.0,5550.0,102926800,4818.83740234375
2023-06-21,5500.0,5575.0,5500.0,5575.0,84605400,4840.5439453125
2023-06-22,5550.0,5600.0,5475.0,5475.0,94143200,4753.71826171875
2023-06-23,5425.0,5475.0,5400.0,5400.0,123350300,4688.59912109375
2023-06-26,5425.0,5475.0,5375.0,5450.0,85472100,4732.01171875
2023-06-27,5450.0,5500.0,5425.0,5425.0,110716500,4710.3056640625
2023-07-03,5500.0,5550.0,5450.0,5475.0,168559800,4753.71826171875
2023-07-04,5500.0,5500.0,5425.0,5450.0,94462600,4732.01171875
2023-07-05,5400.0,5450.0,5400.0,5450.0,109632800,4732.01171875
2023-07-06,5450.0,5475.0,5400.0,5425.0,109446200,4710.3056640625
2023-07-07,5400.0,5425.0,5375.0,5375.0,114043800,4666.89208984375
2023-07-10,5425.0,5500.0,5400.0,5400.0,78972100,4688.59912109375
2023-07-11,5375.0,5450.0,5375.0,5425.0,122094700,4710.3056640625
2023-07-12,5450.0,5475.0,5425.0,5450.0,104993700,4732.01171875
2023-07-13,5425.0,5475.0,5425.0,5450.0,134905700,4732.01171875
2023-07-14,5450.0,5525.0,5425.0,5525.0,127814200,4797.13134765625
2023-07-17,5550.0,5625.0,5525.0,5575.0,166951300,4840.5439453125
2023-07-18,5625.0,5700.0,5600.0,5625.0,120810300,4883.95703125
2023-07-20,5575.0,5650.0,5550.0,5625.0,111117300,4883.95703125
2023-07-21,5600.0,5625.0,5575.0,5625.0,63094600,4883.95703125
2023-07-24,5600.0,5650.0,5600.0,5600.0,62962500,4862.2509765625
2023-07-25,5625.0,5700.0,5625.0,5650.0,111248100,4905.66357421875
2023-07-26,5700.0,5700.0,5650.0,5675.0,76200300,4927.3701171875
2023-07-27,5675.0,5750.0,5650.0,5650.0,109859200,4905.66357421875
2023-07-28,5625.0,5700.0,5625.0,5700.0,74036700,4949.07666015625
2023-07-31,5700.0,5700.0,5650.0,5650.0,186727400,4905.66357421875
2023-08-01,5650.0,5750.0,5650.0,5700.0,100137500,4949.07666015625
2023-08-02,5650.0,5725.0,5650.0,5700.0,90611300,4949.07666015625
2023-08-03,5675.0,5750.0,5650.0,5700.0,82775000,4949.07666015625
2023-08-04,5700.0,5725.0,5575.0,5575.0,150738500,4840.5439453125
2023-08-07,5600.0,5725.0,5575.0,5700.0,88104900,4949.07666015625
2023-08-08,5700.0,5750.0,5600.0,5625.0,89189600,4883.95703125
2023-08-09,5650.0,5725.0,5625.0,5700.0,91930000,4949.07666015625
2023-08-10,5675.0,5725.0,5675.0,5700.0,85474200,4949.07666015625
2023-08-11,5675.0,5700.0,5650.0,5650.0,74321000,4905.66357421875
2023-08-14,5650.0,5675.0,5575.0,5650.0,127358400,4905.66357421875
2023-08-15,5650.0,5675.0,5575.0,5575.0,89597300,4840.5439453125
2023-08-16,5550.0,5575.0,5450.0,5525.0,188191900,4797.13134765625
2023-08-18,5500.0,5600.0,5500.0,5575.0,121561200,4840.5439453125
2023-08-21,5550.0,5575.0,5500.0,5500.0,91640000,4775.4248046875
2023-08-22,5500.0,5625.0,5500.0,5575.0,101221500,4840.5439453125
2023-08-23,5600.0,5625.0,5575.0,5600.0,78686900,4862.2509765625
2023-08-24,5625.0,5625.0,5550.0,5550.0,74407500,4818.83740234375
2023-08-25,5550.0,5600.0,5525.0,5600.0,65096500,4862.2509765625
2023-08-28,5600.0,5625.0,5550.0,5550.0,37126600,4818.83740234375
2023-08-29,5525.0,5600.0,5525.0,5600.0,57547200,4862.2509765625
2023-08-30,5600.0,5600.0,5500.0,5525.0,171282700,4797.13134765625
2023-08-31,5525.0,5550.0,5475.0,5550.0,175088200,4818.83740234375
2023-09-01,5600.0,5600.0,5525.0,5575.0,87366100,4840.5439453125
2023-09-04,5600.0,5625.0,5575.0,5625.0,43898200,4883.95703125
2023-09-05,5625.0,5650.0,5600.0,5625.0,72464300,4883.95703125
2023-09-06,5625.0,5650.0,5575.0,5575.0,106367800,4840.5439453125
2023-09-07,5525.0,5550.0,5450.0,5450.0,157998600,4732.01171875
2023-09-08,5425.0,5450.0,5300.0,5350.0,243324500,4645.18603515625
2023-09-11,5350.0,5425.0,5300.0,5425.0,80474100,4710.3056640625
2023-09-12,5450.0,5475.0,5375.0,5375.0,121654400,4666.89208984375
2023-09-13,5350.0,5425.0,5350.0,5400.0,59408000,4688.59912109375
2023-09-14,5325.0,5425.0,5325.0,5425.0,76831700,4710.3056640625
2023-09-15,5400.0,5450.0,5375.0,5375.0,141455400,4666.89208984375
2023-09-18,5350.0,5400.0,5300.0,5325.0,61329000,4623.4794921875
2023-09-19,5325.0,5375.0,5300.0,5375.0,50612700,4666.89208984375
2023-09-20,5350.0,5450.0,5350.0,5375.0,98710100,4666.89208984375
2023-09-21,5425.0,5425.0,5350.0,5350.0,68584900,4645.18603515625
2023-09-22,5350.0,5425.0,5350.0,5350.0,83184100,4645.18603515625
2023-09-25,5325.0,5350.0,5200.0,5300.0,120196700,4601.77294921875
2023-09-26,5250.0,5275.0,5200.0,5200.0,180280600,4514.947265625
2023-09-27,5175.0,5300.0,5175.0,5225.0,119774700,4536.65380859375
2023-09-29,5300.0,5325.0,5225.0,5225.0,140331100,4536.65380859375
2023-10-02,5250.0,5300.0,5250.0,5250.0,81674600,4558.3603515625
2023-10-03,5250.0,5300.0,5250.0,5275.0,54462700,4580.06689453125
2023-10-04,5250.0,5275.0,5200.0,5250.0,121445000,4558.3603515625
2023-10-05,5250.0,5275.0,5175.0,5175.0,116814800,4493.24072265625
2023-10-06,5200.0,5250.0,5175.0,5175.0,70202300,4493.24072265625
2023-10-09,5200.0,5225.0,5125.0,5125.0,144477000,4449.82763671875
2023-10-10,5125.0,5250.0,5125.0,5175.0,98457000,4493.24072265625
2023-10-11,5150.0,5275.0,5150.0,5250.0,100394800,4558.3603515625
2023-10-12,5300.0,5375.0,5275.0,5300.0,174022400,4601.77294921875
2023-10-13,5275.0,5325.0,5250.0,5275.0,84648800,4580.06689453125
2023-10-16,5325.0,5325.0,5250.0,5250.0,45782300,4558.3603515625
2023-10-17,5250.0,5275.0,5150.0,5150.0,127287200,4471.5341796875
2023-10-18,5125.0,5225.0,5125.0,5150.0,77217600,4471.5341796875
2023-10-19,5100.0,5150.0,5000.0,5000.0,195831400,4341.294921875
2023-10-20,4980.0,5100.0,4960.0,5050.0,173353600,4384.70849609375
2023-10-23,5000.0,5075.0,4990.0,5000.0,82756100,4341.294921875
2023-10-24,5000.0,5100.0,4950.0,5100.0,104021500,4428.12158203125
2023-10-25,5100.0,5200.0,5100.0,5175.0,142215000,4493.24072265625
2023-10-26,5175.0,5175.0,4920.0,4920.0,330618800,4271.8349609375
2023-10-27,4950.0,5050.0,4940.0,5000.0,129599800,4341.294921875
2023-10-30,4980.0,5025.0,4970.0,5000.0,108523700,4341.294921875
2023-10-31,4980.0,5000.0,4960.0,4960.0,106760300,4306.56494140625
2023-11-01,4920.0,4960.0,4830.0,4830.0,191567200,4193.69140625
2023-11-02,4940.0,5075.0,4910.0,5000.0,208075400,4341.294921875
2023-11-03,5025.0,5175.0,5025.0,5100.0,125504000,4428.12158203125
2023-11-06,5100.0,5200.0,5100.0,5200.0,122333800,4514.947265625
2023-11-07,5225.0,5275.0,5175.0,5250.0,137039400,4558.3603515625
2023-11-08,5200.0,5250.0,5175.0,5225.0,86713700,4536.65380859375
2023-11-09,5225.0,5275.0,5200.0,5200.0,66236400,4514.947265625
2023-11-10,5150.0,5150.0,5050.0,5075.0,113811900,4406.4150390625
2023-11-13,5075.0,5125.0,5025.0,5025.0,63126900,4363.00146484375
2023-11-14,5075.0,5125.0,5050.0,5075.0,85419500,4406.4150390625
2023-11-15,5200.0,5300.0,5175.0,5250.0,193790400,4558.3603515625
2023-11-16,5275.0,5275.0,5175.0,5250.0,99488800,4558.3603515625
2023-11-17,5175.0,5250.0,5175.0,5225.0,70727500,4536.65380859375
2023-11-20,5175.0,5275.0,5175.0,5250.0,54123600,4558.3603515625
2023-11-21,5225.0,5250.0,5175.0,5200.0,104110500,4514.947265625
2023-11-22,5175.0,5300.0,5175.0,5275.0,103585500,4580.06689453125
2023-11-23,5325.0,5400.0,5300.0,5350.0,174572400,4645.18603515625
2023-11-24,5400.0,5450.0,5375.0,5400.0,92571400,4688.59912109375
2023-11-27,5425.0,5450.0,5350.0,5350.0,76019100,4645.18603515625
2023-11-28,5325.0,5425.0,5325.0,5350.0,147993400,4645.18603515625
2023-11-29,5350.0,5375.0,5300.0,5300.0,106197800,4601.77294921875
2023-11-30,5375.0,5375.0,5275.0,5275.0,224426400,4580.06689453125
2023-12-01,5275.0,5375.0,5275.0,5350.0,99499500,4645.18603515625
2023-12-04,5450.0,5575.0,5450.0,5500.0,235595700,4775.4248046875
2023-12-05,5425.0,5500.0,5425.0,5450.0,114689900,4732.01171875
2023-12-06,5425.0,5450.0,5400.0,5425.0,119716700,4710.3056640625
2023-12-07,5400.0,5475.0,5400.0,5475.0,102126600,4753.71826171875
2023-12-08,5425.0,5450.0,5375.0,5375.0,130542600,4666.89208984375
2023-12-11,5325.0,5375.0,5300.0,5300.0,124468600,4601.77294921875
2023-12-12,5375.0,5400.0,5325.0,5325.0,134501600,4623.4794921875
2023-12-13,5300.0,5350.0,5275.0,5300.0,98881600,4601.77294921875
2023-12-14,5450.0,5550.0,5425.0,5550.0,239261700,4818.83740234375
2023-12-15,5575.0,5600.0,5550.0,5550.0,252448800,4818.83740234375
2023-12-18,5575.0,5575.0,5500.0,5500.0,102780900,4775.4248046875
2023-12-19,5450.0,5550.0,5450.0,5550.0,135207300,4818.83740234375
2023-12-20,5700.0,5700.0,5550.0,5550.0,138470900,4818.83740234375
2023-12-21,5550.0,5600.0,5525.0,5575.0,99049600,4840.5439453125
2023-12-22,5650.0,5700.0,5600.0,5675.0,109411300,4927.3701171875
2023-12-27,5700.0,5725.0,5625.0,5625.0,122236700,4883.95703125
2023-12-28,5700.0,5750.0,5675.0,5725.0,121434600,4970.78271484375
2023-12-29,5750.0,5750.0,5675.0,5725.0,93126000,4970.78271484375
2024-01-02,5650.0,5675.0,5625.0,5675.0,91143100,5000.74365234375
2024-01-03,5625.0,5650.0,5600.0,5600.0,83659700,4934.65478515625
2024-01-04,5600.0,5700.0,5575.0,5700.0,92683500,5022.7734375
2024-01-05,5725.0,5850.0,5700.0,5750.0,134929600,5066.83251953125
2024-01-08,5750.0,5800.0,5625.0,5625.0,152015000,4956.68408203125
2024-01-09,5625.0,5700.0,5625.0,5700.0,105666200,5022.7734375
2024-01-10,5625.0,5700.0,5625.0,5700.0,82626400,5022.7734375
2024-01-11,5750.0,5800.0,5700.0,5750.0,116804400,5066.83251953125
2024-01-12,5800.0,5850.0,5775.0,5850.0,109715700,5154.95166015625
2024-01-15,5850.0,5900.0,5775.0,5825.0,115126700,5132.921875
2024-01-16,5825.0,5875.0,5775.0,5825.0,97074300,5132.921875
2024-01-17,5825.0,5825.0,5750.0,5775.0,107941600,5088.8623046875
2024-01-18,5800.0,5800.0,5700.0,5750.0,87259100,5066.83251953125
2024-01-19,5750.0,5800.0,5700.0,5800.0,75370700,5110.89208984375
2024-01-22,5775.0,5800.0,5700.0,5775.0,97545600,5088.8623046875
2024-01-23,5700.0,5750.0,5650.0,5700.0,122999700,5022.7734375
2024-01-24,5675.0,5700.0,5575.0,5650.0,104225000,4978.7138671875
2024-01-25,5575.0,5650.0,5525.0,5525.0,120478800,4868.5654296875
2024-01-26,5450.0,5475.0,5400.0,5425.0,185244400,4780.44677734375
2024-01-29,5400.0,5575.0,5400.0,5575.0,145629600,4912.62451171875
2024-01-30,5525.0,5650.0,5475.0,5625.0,150513700,4956.68408203125
2024-01-31,5725.0,5775.0,5675.0,5700.0,245117200,5022.7734375
2024-02-01,5775.0,5800.0,5725.0,5750.0,156633900,5066.83251953125
2024-02-02,5800.0,5850.0,5750.0,5850.0,177209700,5154.95166015625
2024-02-05,5800.0,5825.0,5750.0,5775.0,113760000,5088.8623046875
2024-02-06,5900.0,5900.0,5800.0,5825.0,126704300,5132.921875
2024-02-07,5850.0,5900.0,5825.0,5850.0,147005300,5154.95166015625
2024-02-12,5875.0,6025.0,5850.0,6025.0,171514600,5309.15966796875
2024-02-13,6050.0,6050.0,5950.0,6000.0,145852200,5287.1298828125
2024-02-15,6275.0,6275.0,6100.0,6125.0,308685100,5397.2783203125
2024-02-16,6150.0,6200.0,6125.0,6150.0,130814400,5419.3076171875
2024-02-19,6125.0,6175.0,6075.0,6100.0,111382900,5375.24853515625
2024-02-20,6175.0,6300.0,6175.0,6300.0,160872600,5551.486328125
2024-02-21,6325.0,6375.0,6225.0,6300.0,168423000,5551.486328125
2024-02-22,6250.0,6300.0,6225.0,6250.0,100256000,5507.4267578125
2024-02-23,6125.0,6175.0,6050.0,6125.0,148643000,5397.2783203125
2024-02-26,6100.0,6200.0,6075.0,6175.0,98920800,5441.33740234375
2024-02-27,6125.0,6200.0,6125.0,6125.0,99187500,5397.2783203125
2024-02-28,6100.0,6225.0,6100.0,6225.0,97236700,5485.3974609375
2024-02-29,6150.0,6200.0,6125.0,6125.0,173774600,5397.2783203125
2024-03-01,6175.0,6175.0,6075.0,6125.0,76286400,5397.2783203125
2024-03-04,6125.0,6125.0,6050.0,6050.0,70354900,5331.189453125
2024-03-05,6100.0,6175.0,6075.0,6125.0,115084600,5397.2783203125
2024-03-06,6100.0,6200.0,6100.0,6200.0,84108800,5463.36767578125
2024-03-07,6200.0,6275.0,6200.0,6225.0,117724700,5485.3974609375
2024-03-08,6275.0,6400.0,6250.0,6350.0,163060000,5595.54541015625
2024-03-13,6350.0,6450.0,6350.0,6400.0,195173100,5639.60546875
2024-03-14,6175.0,6200.0,6050.0,6150.0,271254000,5625.88330078125
2024-03-15,6000.0,6075.0,5950.0,5975.0,305995800,5465.79736328125
2024-03-18,6000.0,6100.0,5975.0,6000.0,110564700,5488.66650390625
2024-03-19,6000.0,6050.0,5975.0,6000.0,114338600,5488.66650390625
2024-03-20,6000.0,6100.0,6000.0,6100.0,120885400,5580.14453125
2024-03-21,6175.0,6200.0,6100.0,6100.0,136020000,5580.14453125
2024-03-22,6050.0,6125.0,6050.0,6125.0,46529200,5603.01416015625
2024-03-25,6250.0,6250.0,6125.0,6250.0,115729600,5717.361328125
2024-03-26,6300.0,6300.0,6200.0,6300.0,120748400,5763.10009765625
2024-03-27,6300.0,6325.0,6225.0,6250.0,73308900,5717.361328125
2024-03-28,6100.0,6200.0,6025.0,6050.0,288926900,5534.40576171875
2024-04-01,6000.0,6025.0,5825.0,5925.0,217207800,5420.05810546875
2024-04-02,5850.0,5950.0,5625.0,5675.0,412180900,5191.3642578125
2024-04-03,5575.0,5675.0,5525.0,5625.0,333518700,5145.625
2024-04-04,5650.0,5750.0,5650.0,5700.0,131936100,5214.2333984375
2024-04-05,5625.0,5700.0,5625.0,5650.0,178817800,5168.494140625
2024-04-16,5375.0,5575.0,5350.0,5350.0,600717500,4894.06103515625
2024-04-17,5475.0,5500.0,5300.0,5300.0,244002000,4848.322265625
2024-04-18,5300.0,5500.0,5300.0,5475.0,247410700,5008.408203125
2024-04-19,5350.0,5375.0,5250.0,5275.0,258211500,4825.45263671875
2024-04-22,5200.0,5325.0,5150.0,5300.0,342282800,4848.322265625
2024-04-23,5350.0,5400.0,5225.0,5300.0,281403100,4848.322265625
2024-04-24,5250.0,5350.0,5150.0,5225.0,471241400,4779.7138671875
2024-04-25,5125.0,5200.0,5050.0,5150.0,479170900,4711.10595703125
2024-04-26,5050.0,5100.0,4830.0,4830.0,782589900,4418.376953125
2024-04-29,4700.0,4890.0,4680.0,4770.0,700644800,4363.490234375
2024-04-30,4850.0,5050.0,4820.0,4940.0,565609200,4519.00244140625
2024-05-02,4910.0,4920.0,4700.0,4760.0,636922100,4354.34228515625
2024-05-03,4760.0,4830.0,4710.0,4750.0,321697200,4345.1943359375
2024-05-06,4800.0,4840.0,4730.0,4790.0,262707400,4381.78564453125
2024-05-07,4770.0,4780.0,4670.0,4670.0,304013600,4272.01220703125
2024-05-08,4650.0,4740.0,4570.0,4680.0,572275800,4281.16015625
2024-05-13,4650.0,4700.0,4630.0,4680.0,320067100,4281.16015625
2024-05-14,4720.0,4810.0,4700.0,4730.0,341458900,4326.89892578125
2024-05-15,4780.0,4870.0,4760.0,4820.0,298990300,4409.22900390625
2024-05-16,4930.0,4960.0,4840.0,4840.0,371295000,4427.52490234375
2024-05-17,4840.0,4960.0,4820.0,4920.0,208991800,4500.70654296875
2024-05-20,4990.0,5050.0,4820.0,4820.0,335150700,4409.22900390625
2024-05-21,4810.0,4870.0,4680.0,4680.0,271568800,4281.16015625
2024-05-22,4650.0,4770.0,4650.0,4720.0,215066000,4317.7509765625
2024-05-27,4700.0,4720.0,4550.0,4550.0,363719300,4162.2392578125
2024-05-28,4580.0,4630.0,4520.0,4530.0,258070200,4143.943359375
2024-05-29,4480.0,4500.0,4400.0,4410.0,465008500,4034.170166015625
2024-05-30,4400.0,4480.0,4310.0,4380.0,502927800,4006.726806640625
2024-05-31,4430.0,4470.0,4330.0,4340.0,655144100,3970.1357421875
2024-06-03,4430.0,4560.0,4400.0,4530.0,345770100,4143.943359375
2024-06-04,4560.0,4590.0,4450.0,4450.0,332902200,4070.76123046875
2024-06-05,4500.0,4500.0,4400.0,4400.0,240788500,4025.022216796875
2024-06-06,4450.0,4500.0,4390.0,4500.0,281534200,4116.5
2024-06-07,4490.0,4500.0,4350.0,4350.0,375439600,3979.28369140625
2024-06-10,4350.0,4430.0,4320.0,4400.0,181387000,4025.022216796875
2024-06-11,4380.0,4440.0,4340.0,4340.0,197854400,3970.1357421875
2024-06-12,4340.0,4360.0,4310.0,4350.0,187332500,3979.28369140625
2024-06-13,4400.0,4420.0,4300.0,4310.0,238349600,3942.6923828125
2024-06-14,4300.0,4320.0,4170.0,4180.0,358893200,3823.771240234375
2024-06-19,4100.0,4240.0,4090.0,4100.0,410338400,3750.5888671875
2024-06-20,4130.0,4270.0,4130.0,4270.0,387133400,3906.101318359375
2024-06-21,4280.0,4490.0,4260.0,4440.0,532713300,4061.613525390625
2024-06-24,4440.0,4510.0,4400.0,4400.0,303830800,4025.022216796875
2024-06-25,4320.0,4400.0,4280.0,4380.0,383572500,4006.726806640625
2024-06-26,4390.0,4430.0,4350.0,4370.0,150303400,3997.578857421875
2024-06-27,4410.0,4500.0,4380.0,4460.0,299430600,4079.90869140625
2024-06-28,4590.0,4640.0,4580.0,4600.0,581319300,4207.9775390625
2024-07-01,4630.0,4670.0,4560.0,4630.0,261421200,4235.42138671875
2024-07-02,4610.0,4630.0,4570.0,4570.0,234403100,4180.5341796875
2024-07-03,4630.0,4640.0,4560.0,4600.0,176310400,4207.9775390625
2024-07-04,4680.0,4830.0,4660.0,4790.0,422261500,4381.78564453125
2024-07-05,4850.0,4870.0,4790.0,4800.0,218278000,4390.93359375
2024-07-08,4800.0,4830.0,4740.0,4750.0,222042100,4345.1943359375
2024-07-09,4780.0,4930.0,4750.0,4870.0,291320400,4454.9677734375
2024-07-10,4870.0,4920.0,4840.0,4850.0,167619700,4436.67236328125
2024-07-11,4910.0,4920.0,4840.0,4840.0,170461300,4427.52490234375
2024-07-12,4970.0,4980.0,4880.0,4900.0,301125400,4482.4111328125
2024-07-15,4920.0,4930.0,4810.0,4820.0,188713000,4409.22900390625
2024-07-16,4820.0,4840.0,4730.0,4730.0,189271400,4326.89892578125
2024-07-17,4750.0,4810.0,4720.0,4760.0,263325400,4354.34228515625
2024-07-18,4760.0,4890.0,4750.0,4890.0,296614900,4473.26318359375
2024-07-19,4870.0,4910.0,4850.0,4900.0,135104800,4482.4111328125
2024-07-22,4920.0,4940.0,4880.0,4910.0,140128300,4491.55908203125
2024-07-23,4900.0,4910.0,4780.0,4790.0,170919500,4381.78564453125
2024-07-24,4770.0,4800.0,4760.0,4780.0,116037600,4372.6376953125
2024-07-25,4760.0,4760.0,4660.0,4700.0,274397700,4299.4560546875
2024-07-26,4760.0,4810.0,4740.0,4760.0,192267300,4354.34228515625
2024-07-29,4800.0,4800.0,4760.0,4780.0,126109900,4372.6376953125
2024-07-30,4720.0,4740.0,4670.0,4670.0,201835700,4272.01220703125
2024-07-31,4650.0,4710.0,4650.0,4670.0,168490300,4272.01220703125
2024-08-01,4710.0,4750.0,4690.0,4750.0,169636700,4345.1943359375
2024-08-02,4730.0,4750.0,4690.0,4710.0,113328400,4308.603515625
2024-08-05,4660.0,4670.0,4510.0,4530.0,329430900,4143.943359375
2024-08-06,4550.0,4650.0,4520.0,4600.0,238051800,4207.9775390625
2024-08-07,4640.0,4640.0,4590.0,4620.0,125937500,4226.2734375
2024-08-08,4600.0,4690.0,4590.0,4660.0,131343400,4262.86474609375
2024-08-09,4700.0,4730.0,4670.0,4670.0,98730900,4272.01220703125
2024-08-12,4720.0,4720.0,4650.0,4680.0,83552800,4281.16015625
2024-08-13,4700.0,4750.0,4690.0,4720.0,109533400,4317.7509765625
2024-08-14,4770.0,4840.0,4760.0,4820.0,262716500,4409.22900390625
2024-08-15,4850.0,4870.0,4790.0,4830.0,214394900,4418.376953125
2024-08-16,4850.0,4870.0,4830.0,4830.0,149701700,4418.376953125
2024-08-19,4820.0,4820.0,4750.0,4820.0,196203200,4409.22900390625
2024-08-20,4860.0,4950.0,4840.0,4950.0,310085500,4528.14990234375
2024-08-21,4990.0,5100.0,4980.0,5100.0,390307000,4665.36669921875
2024-08-22,5125.0,5150.0,5025.0,5050.0,474043100,4619.6279296875
2024-08-23,5150.0,5200.0,5125.0,5150.0,217759300,4711.10595703125
2024-08-26,5200.0,5325.0,5200.0,5300.0,361169800,4848.322265625
2024-08-27,5250.0,5275.0,5100.0,5175.0,271088700,4733.97509765625
2024-08-28,5100.0,5175.0,5025.0,5150.0,277561700,4711.10595703125
2024-08-29,5125.0,5175.0,5100.0,5125.0,160041900,4688.23583984375
2024-08-30,5175.0,5175.0,5125.0,5150.0,275298000,4711.10595703125
2024-09-02,5150.0,5225.0,5150.0,5175.0,136717200,4733.97509765625
2024-09-03,5225.0,5250.0,5150.0,5175.0,166033900,4733.97509765625
2024-09-04,5100.0,5175.0,5100.0,5100.0,141890400,4665.36669921875
2024-09-05,5125.0,5150.0,5075.0,5150.0,166436800,4711.10595703125
2024-09-06,5200.0,5250.0,5150.0,5225.0,170520700,4779.7138671875
2024-09-09,5275.0,5300.0,5150.0,5175.0,201448700,4733.97509765625
2024-09-10,5200.0,5250.0,5125.0,5250.0,202326400,4802.58349609375
2024-09-11,5225.0,5250.0,5125.0,5175.0,165284900,4733.97509765625
2024-09-12,5175.0,5225.0,5150.0,5175.0,138542100,4733.97509765625
2024-09-13,5200.0,5300.0,5175.0,5300.0,259722600,4848.322265625
2024-09-17,5350.0,5350.0,5250.0,5300.0,201331600,4848.322265625
2024-09-18,5350.0,5375.0,5325.0,5350.0,186877300,4894.06103515625
2024-09-19,5425.0,5500.0,5400.0,5400.0,332941100,4939.7998046875
2024-09-20,5400.0,5450.0,5375.0,5375.0,260437400,4916.9306640625
2024-09-23,5350.0,5500.0,5350.0,5500.0,245292000,5031.27783203125
2024-09-24,5550.0,5575.0,5525.0,5525.0,195415700,5054.1474609375
2024-09-25,5400.0,5425.0,5200.0,5325.0,607065900,4871.19189453125
2024-09-26,5150.0,5200.0,5025.0,5050.0,855266800,4619.6279296875
2024-09-27,5050.0,5150.0,5000.0,5100.0,304694300,4665.36669921875
2024-09-30,5050.0,5050.0,4950.0,4950.0,539169900,4528.14990234375
2024-10-01,4970.0,5075.0,4970.0,5075.0,197069300,4642.49755859375
2024-10-02,5000.0,5075.0,4900.0,4940.0,307487600,4519.00244140625
2024-10-03,4900.0,4960.0,4860.0,4920.0,354814800,4500.70654296875
2024-10-04,4870.0,4920.0,4850.0,4860.0,289960700,4445.8203125
2024-10-07,4860.0,4930.0,4810.0,4820.0,308452200,4409.22900390625
2024-10-08,4800.0,5050.0,4760.0,5000.0,527474400,4573.88916015625
2024-10-09,5000.0,5075.0,4930.0,4930.0,309336600,4509.8544921875
2024-10-10,4920.0,4970.0,4860.0,4860.0,226564700,4445.8203125
2024-10-11,4910.0,4940.0,4890.0,4900.0,104875300,4482.4111328125
2024-10-14,4900.0,4930.0,4870.0,4900.0,125414400,4482.4111328125
2024-10-15,4930.0,4990.0,4920.0,4920.0,142372200,4500.70654296875
2024-10-16,4950.0,4970.0,4920.0,4950.0,118014300,4528.14990234375
2024-10-17,4960.0,5050.0,4940.0,4980.0,188127700,4555.59375
2024-10-18,5025.0,5050.0,4960.0,4970.0,157113000,4546.44580078125
2024-10-21,4980.0,5025.0,4970.0,4990.0,110708200,4564.7412109375
2024-10-22,4960.0,4970.0,4900.0,4900.0,199707500,4482.4111328125
2024-10-23,4830.0,4890.0,4810.0,4860.0,222147300,4445.8203125
2024-10-24,4820.0,4900.0,4810.0,4820.0,218162100,4409.22900390625
2024-10-25,4820.0,4860.0,4770.0,4770.0,195647800,4363.490234375
2024-10-28,4770.0,4800.0,4710.0,4760.0,191211000,4354.34228515625
2024-10-29,4730.0,4780.0,4700.0,4700.0,203658600,4299.4560546875
2024-10-30,4630.0,4750.0,4630.0,4710.0,296314500,4308.603515625
2024-10-31,4710.0,4870.0,4710.0,4800.0,307110400,4390.93359375
2024-11-01,4770.0,4820.0,4700.0,4700.0,235656400,4299.4560546875
2024-11-04,4710.0,4770.0,4650.0,4720.0,209831500,4317.7509765625
2024-11-05,4690.0,4740.0,4680.0,4710.0,199499300,4308.603515625
2024-11-06,4710.0,4730.0,4600.0,4600.0,249059500,4207.9775390625
2024-11-07,4610.0,4640.0,4550.0,4550.0,296218600,4162.2392578125
2024-11-08,4600.0,4640.0,4520.0,4520.0,198589900,4134.7958984375
2024-11-11,4470.0,4540.0,4370.0,4460.0,507192300,4079.90869140625
2024-11-12,4430.0,4520.0,4430.0,4500.0,252380100,4116.5
2024-11-13,4470.0,4610.0,4460.0,4580.0,209627200,4189.68212890625
2024-11-14,4570.0,4590.0,4500.0,4500.0,159871800,4116.5
2024-11-15,4450.0,4510.0,4450.0,4470.0,106365600,4089.056640625
2024-11-18,4440.0,4460.0,4350.0,4350.0,253272300,3979.28369140625
2024-11-19,4350.0,4410.0,4350.0,4360.0,294838700,3988.43115234375
2024-11-20,4400.0,4440.0,4330.0,4330.0,298734600,3960.98779296875
2024-11-21,4280.0,4320.0,4250.0,4250.0,376788400,3887.805419921875
2024-11-22,4250.0,4420.0,4250.0,4400.0,280188100,4025.022216796875
2024-11-25,4420.0,4530.0,4420.0,4470.0,401446400,4089.056640625
2024-11-26,4450.0,4470.0,4380.0,4400.0,266677500,4025.022216796875
2024-11-28,4350.0,4390.0,4330.0,4330.0,277081800,3960.98779296875
2024-11-29,4280.0,4300.0,4250.0,4250.0,412519800,3887.805419921875
2024-12-02,4270.0,4280.0,4160.0,4170.0,337188900,3814.623291015625
2024-12-03,4240.0,4250.0,4210.0,4240.0,384146700,3878.657958984375
2024-12-04,4240.0,4370.0,4220.0,4350.0,345762200,3979.28369140625
2024-12-05,4310.0,4340.0,4250.0,4260.0,183249300,3896.953369140625
2024-12-06,4250.0,4310.0,4220.0,4310.0,151433000,3942.6923828125
2024-12-09,4310.0,4390.0,4300.0,4390.0,158897200,4015.874267578125
2024-12-10,4360.0,4380.0,4290.0,4360.0,196160900,3988.43115234375
2024-12-11,4340.0,4430.0,4340.0,4380.0,203980300,4006.726806640625
2024-12-12,4340.0,4360.0,4260.0,4260.0,226698900,3896.953369140625
2024-12-13,4230.0,4280.0,4170.0,4170.0,287838100,3814.623291015625
2024-12-16,4150.0,4280.0,4150.0,4250.0,325441900,3887.805419921875
2024-12-17,4250.0,4290.0,4150.0,4150.0,327919000,3796.327880859375
2024-12-18,4170.0,4210.0,4130.0,4150.0,205055500,3796.327880859375
2024-12-19,4090.0,4110.0,4050.0,4090.0,381986300,3741.441162109375
2024-12-20,4070.0,4120.0,4050.0,4060.0,252689600,3713.997802734375
2024-12-23,4130.0,4210.0,4110.0,4210.0,167689800,3851.214599609375
2024-12-24,4220.0,4250.0,4170.0,4200.0,199536100,3842.06689453125
2024-12-27,4100.0,4120.0,4080.0,4100.0,143104400,3875.147216796875
2024-12-30,4080.0,4120.0,4070.0,4080.0,153934700,3856.244140625
2025-01-02,4100.0,4220.0,4090.0,4210.0,181361700,3979.11474609375
2025-01-03,4220.0,4240.0,4150.0,4150.0,134632300,3922.4052734375
2025-01-06,4180.0,4180.0,4100.0,4100.0,153048700,3875.147216796875
2025-01-07,4080.0,4090.0,4030.0,4030.0,171997400,3808.986328125
2025-01-08,4030.0,4100.0,4030.0,4080.0,133655700,3856.244140625
2025-01-09,4070.0,4100.0,4030.0,4030.0,99300400,3808.986328125
2025-01-10,4030.0,4060.0,4010.0,4010.0,132774300,3790.0830078125
2025-01-13,3990.0,3990.0,3850.0,3850.0,413408100,3638.85791015625
2025-01-14,3820.0,3920.0,3800.0,3800.0,293621700,3591.599853515625
2025-01-15,3840.0,4090.0,3840.0,4090.0,407813500,3865.69580078125
2025-01-16,4210.0,4240.0,4130.0,4160.0,349387500,3931.856689453125
2025-01-17,4150.0,4190.0,4080.0,4090.0,268758600,3865.69580078125
2025-01-20,4130.0,4220.0,4130.0,4220.0,167348600,3988.566162109375
2025-01-21,4270.0,4380.0,4250.0,4260.0,345223800,4026.37255859375
2025-01-22,4310.0,4320.0,4230.0,4260.0,193218900,4026.37255859375
2025-01-23,4260.0,4340.0,4260.0,4300.0,216018100,4064.178955078125
2025-01-24,4350.0,4350.0,4190.0,4190.0,276421900,3960.21142578125
2025-01-30,4130.0,4170.0,4090.0,4120.0,220222400,3894.050537109375
2025-01-31,4170.0,4280.0,4150.0,4220.0,192622700,3988.566162109375
2025-02-03,4200.0,4270.0,4150.0,4250.0,220285800,4016.9208984375
2025-02-04,4260.0,4300.0,4200.0,4260.0,231917500,4026.37255859375
2025-02-05,4250.0,4250.0,4140.0,4140.0,209834400,3912.95361328125
2025-02-06,4120.0,4160.0,3940.0,3970.0,378545500,3752.27685546875
2025-02-07,3970.0,4030.0,3940.0,4030.0,259636200,3808.986328125
2025-02-10,4000.0,4050.0,3950.0,3970.0,201999400,3752.27685546875
2025-02-11,3970.0,4040.0,3900.0,4010.0,276382800,3790.0830078125
2025-02-12,3960.0,4060.0,3950.0,4030.0,362571900,3808.986328125
2025-02-13,4000.0,4030.0,3960.0,3990.0,341640600,3771.179931640625
2025-02-14,4000.0,4010.0,3850.0,3860.0,524909600,3648.309326171875
2025-02-17,3870.0,4030.0,3870.0,4030.0,265737100,3808.986328125
2025-02-18,4030.0,4180.0,4030.0,4150.0,374350700,3922.4052734375
2025-02-19,4160.0,4180.0,4010.0,4020.0,348358600,3799.53466796875
2025-02-20,3970.0,4020.0,3910.0,3910.0,312753300,3695.5673828125
2025-02-21,3910.0,3930.0,3870.0,3890.0,205268800,3676.6640625
2025-02-24,3900.0,3940.0,3870.0,3920.0,138610800,3705.018798828125
2025-02-25,3880.0,3920.0,3800.0,3800.0,404555100,3591.599853515625
2025-02-26,3800.0,3860.0,3760.0,3820.0,242834100,3610.503173828125
2025-02-27,3790.0,3800.0,3610.0,3630.0,410928000,3430.923095703125
2025-02-28,3500.0,3540.0,3360.0,3360.0,1000597600,3175.73046875
2025-03-03,3520.0,3740.0,3470.0,3670.0,744626800,3468.7294921875
2025-03-04,3680.0,3720.0,3600.0,3670.0,338434700,3468.7294921875
2025-03-05,3710.0,3900.0,3710.0,3840.0,441151000,3629.40625
2025-03-06,3870.0,3990.0,3870.0,3950.0,434485100,3733.37353515625
2025-03-07,3930.0,3930.0,3810.0,3810.0,243793600,3601.051513671875
2025-03-10,3790.0,3810.0,3730.0,3760.0,232192200,3553.793701171875
2025-03-11,3700.0,3790.0,3660.0,3790.0,273961800,3582.1484375
2025-03-12,3810.0,3920.0,3810.0,3890.0,271631200,3676.6640625
2025-03-13,3960.0,3970.0,3800.0,3800.0,209225700,3591.599853515625
2025-03-14,3750.0,3840.0,3750.0,3750.0,156131900,3544.342041015625
2025-03-17,3780.0,3840.0,3730.0,3830.0,162467700,3619.95458984375
2025-03-18,3840.0,3860.0,3500.0,3680.0,416894600,3478.180908203125
2025-03-19,3710.0,3780.0,3680.0,3710.0,352217700,3506.53564453125
2025-03-20,3730.0,3760.0,3640.0,3660.0,313033000,3459.27783203125
2025-03-21,3600.0,3700.0,3550.0,3700.0,627645600,3497.084228515625
2025-03-24,3650.0,3740.0,3520.0,3610.0,342883200,3412.02001953125
2025-03-25,3660.0,3840.0,3660.0,3800.0,331285900,3591.599853515625
2025-03-26,3870.0,4020.0,3860.0,4000.0,540888800,3780.631591796875
2025-03-27,4000.0,4050.0,3930.0,4050.0,322553200,3827.889404296875
2025-04-08,3460.0,3750.0,3450.0,3640.0,734807100,3440.374755859375
2025-04-09,3610.0,3710.0,3600.0,3630.0,366649900,3430.923095703125
2025-04-10,3920.0,3930.0,3770.0,3800.0,417562900,3591.599853515625
2025-04-11,3600.0,3650.0,3590.0,3630.0,301200600,3630.0
2025-04-14,3630.0,3690.0,3620.0,3690.0,169458300,3690.0
2025-04-15,3730.0,3780.0,3680.0,3690.0,254224400,3690.0
2025-04-16,3690.0,3700.0,3600.0,3650.0,233772400,3650.0
2025-04-17,3670.0,3670.0,3610.0,3640.0,121059300,3640.0
2025-04-21,3620.0,3660.0,3570.0,3620.0,107470200,3620.0
2025-04-22,3600.0,3650.0,3600.0,3630.0,147116900,3630.0
2025-04-23,3660.0,3790.0,3640.0,3760.0,432999900,3760.0
2025-04-24,3790.0,3840.0,3720.0,3730.0,272537300,3730.0
2025-04-25,3770.0,3790.0,3730.0,3740.0,136517100,3740.0
2025-04-28,3790.0,3850.0,3780.0,3840.0,212945800,3840.0
2025-04-29,3860.0,3870.0,3820.0,3850.0,160631400,3850.0
2025-04-30,3810.0,3850.0,3770.0,3850.0,226832200,3850.0
2025-05-02,3920.0,3920.0,3850.0,3880.0,205628100,3880.0
2025-05-05,3900.0,3920.0,3860.0,3860.0,196917100,3860.0
2025-05-06,3840.0,3900.0,3840.0,3880.0,111333800,3880.0
2025-05-07,3900.0,3910.0,3870.0,3910.0,119763100,3910.0
2025-05-08,3910.0,3960.0,3780.0,3790.0,224121900,3790.0
2025-05-09,3810.0,3840.0,3760.0,3840.0,147638100,3840.0
2025-05-14,4000.0,4090.0,3960.0,4090.0,461642400,4090.0
2025-05-15,4140.0,4310.0,4130.0,4270.0,537151700,4270.0
2025-05-16,4310.0,4330.0,4160.0,4250.0,289337600,4250.0
2025-05-19,4230.0,4260.0,4200.0,4230.0,145935500,4230.0
2025-05-20,4230.0,4280.0,4170.0,4210.0,209576900,4210.0
2025-05-21,4210.0,4310.0,4210.0,4260.0,256020200,4260.0
2025-05-22,4280.0,4310.0,4240.0,4300.0,208291800,4300.0
2025-05-23,4350.0,4370.0,4330.0,4350.0,108182800,4350.0
